{
  "chart": {
    "title": "Average annual exposure to PM2.5 air pollution",
    "subtitle": "The average level of exposure of the population to suspended particles less than 2.5 microns in diameter, which are capable of penetrating deep into the respiratory tract and damaging health. This is measured in micrograms per cubic meter.",
    "note": "The [WHO's Air Quality Guidelines](#dod:who-air-quality-guidelines) suggest annual average PM2.5 exposure should be less than 5 µg/m³ in order to minimize the impacts of PM2.5  on human health.",
    "citation": "Global Burden of Disease Study 2019, Institute for Health Metrics and Evaluation (IHME), via World Bank (2025)",
    "originalChartUrl": "https://ourworldindata.org/grapher/average-exposure-pm25-pollution?v=1&csvType=full&useColumnShortNames=false",
    "selection": [
      "South Africa",
      "United States",
      "European Union (27)",
      "India",
      "China"
    ]
  },
  "columns": {
    "PM2.5 air pollution, mean annual exposure (micrograms per cubic meter)": {
      "titleShort": "PM2.5 air pollution, mean annual exposure (micrograms per cubic meter)",
      "titleLong": "PM2.5 air pollution, mean annual exposure (micrograms per cubic meter)",
      "shortUnit": "micrograms",
      "unit": "micrograms per cubic meter",
      "timespan": "1990-2020",
      "type": "Numeric",
      "owidVariableId": 1007892,
      "shortName": "en_atm_pm25_mc_m3",
      "lastUpdated": "2025-01-24",
      "nextUpdate": "2026-01-24",
      "citationShort": "Global Burden of Disease Study 2019, Institute for Health Metrics and Evaluation (IHME), via World Bank (2025) – processed by Our World in Data",
      "citationLong": "Global Burden of Disease Study 2019, Institute for Health Metrics and Evaluation (IHME), via World Bank (2025) – processed by Our World in Data. “PM2.5 air pollution, mean annual exposure (micrograms per cubic meter)” [dataset]. Global Burden of Disease Study 2019, Institute for Health Metrics and Evaluation (IHME), via World Bank, “World Development Indicators” [original data].",
      "fullMetadata": "https://api.ourworldindata.org/v1/indicators/1007892.metadata.json"
    }
  },
  "dateDownloaded": "2025-07-01",
  "activeFilters": {}
}